{"cameraMode":{"drawMode":0,"name":"Shaded","section":"Shading Mode"},"sceneLighting":false,"audioPlay":false,"sceneViewState":{"m_AlwaysRefresh":false,"showFog":false,"showSkybox":false,"showFlares":false,"showImageEffects":false,"showParticleSystems":false,"showVisualEffectGraphs":true,"m_FxEnabled":true},"in2DMode":false,"pivot":{"x":-1.2802952527999879,"y":1.0601876974105836,"z":0.8421890139579773},"rotation":{"x":-0.029543234035372735,"y":0.940601110458374,"z":-0.32758620381355288,"w":-0.08600309491157532},"size":2.2022886276245119,"orthographic":false}