{"cameraMode":{"drawMode":0,"name":"Shaded","section":"Shading Mode"},"sceneLighting":false,"audioPlay":false,"sceneViewState":{"m_AlwaysRefresh":false,"showFog":true,"showSkybox":false,"showFlares":true,"showImageEffects":true,"showParticleSystems":true,"showVisualEffectGraphs":true,"m_FxEnabled":true},"in2DMode":false,"pivot":{"x":0.5115373730659485,"y":0.4285590648651123,"z":0.5329884886741638},"rotation":{"x":-0.05541255325078964,"y":0.9436463713645935,"z":-0.25233468413352969,"w":-0.2070828527212143},"size":0.6073950529098511,"orthographic":false}