{"cameraMode":{"drawMode":0,"name":"Shaded","section":"Shading Mode"},"sceneLighting":true,"audioPlay":false,"sceneViewState":{"m_AlwaysRefresh":false,"showFog":true,"showSkybox":true,"showFlares":true,"showImageEffects":true,"showParticleSystems":true,"showVisualEffectGraphs":true,"m_FxEnabled":true},"in2DMode":false,"pivot":{"x":-0.15837781131267548,"y":0.0470978207886219,"z":0.30560290813446047},"rotation":{"x":-0.0003767360176425427,"y":-0.9942190647125244,"z":-0.0009463211172260344,"w":-0.1088457778096199},"size":0.02418440580368042,"orthographic":false}