{"cameraMode":{"drawMode":0,"name":"Shaded","section":"Shading Mode"},"sceneLighting":false,"audioPlay":false,"sceneViewState":{"m_AlwaysRefresh":false,"showFog":true,"showSkybox":false,"showFlares":true,"showImageEffects":true,"showParticleSystems":true,"showVisualEffectGraphs":true,"m_FxEnabled":true},"in2DMode":false,"pivot":{"x":0.0001782677136361599,"y":0.013433014042675496,"z":0.0013271002098917962},"rotation":{"x":-0.01085254829376936,"y":-0.9891335368156433,"z":0.106352798640728,"w":-0.10093648731708527},"size":21.747310638427736,"orthographic":false}