{"cameraMode":{"drawMode":0,"name":"Shaded","section":"Shading Mode"},"sceneLighting":false,"audioPlay":false,"sceneViewState":{"m_AlwaysRefresh":false,"showFog":true,"showSkybox":false,"showFlares":true,"showImageEffects":true,"showParticleSystems":true,"showVisualEffectGraphs":true,"m_FxEnabled":true},"in2DMode":false,"pivot":{"x":0.06641280651092529,"y":-0.10272037982940674,"z":1.496656894683838},"rotation":{"x":0.2070402055978775,"y":-0.3543817400932312,"z":0.0807773545384407,"w":0.9083132743835449},"size":2.2908754348754885,"orthographic":false}