{"cameraMode":{"drawMode":0,"name":"Shaded","section":"Shading Mode"},"sceneLighting":false,"audioPlay":false,"sceneViewState":{"m_AlwaysRefresh":false,"showFog":true,"showSkybox":false,"showFlares":true,"showImageEffects":true,"showParticleSystems":true,"showVisualEffectGraphs":true,"m_FxEnabled":true},"in2DMode":false,"pivot":{"x":-0.04996979236602783,"y":1.086071491241455,"z":0.016739368438720704},"rotation":{"x":0.27045994997024538,"y":0.04704409837722778,"z":-0.013280955143272877,"w":0.9615256190299988},"size":2.66880464553833,"orthographic":false}